NAME,TYPE,NodeFlowByCategory(Base Thermal),NodeFlowByCategory(Base Volumetric),NodeFlowProfileNameByCategory(Base Thermal),NodeFlowProfileNameByCategory(Base Volumetric)
Virtual Demand 2,Nodes,0,,Demand LDZ Profile,
Correction Node,Nodes,0,,Demand LDZ Profile,
Virtual Supply,Nodes,0,,Demand LDZ Profile,
No184,Nodes,0,,Demand LDZ Profile,
DamhdCreek,Nodes,-19.485615,,Demand PowerStation Profile,
MoffatInterconctor,Nodes,0,,Demand LDZ Profile,
V EM 2,Nodes,0,,Demand LDZ Profile,
No209,Nodes,0,,Demand LDZ Profile,
Virtual Exit Z 7,Nodes,0,,Demand LDZ Profile,
Theddlethorpe-1811-Z7,Nodes,0,,Demand LDZ Profile,
Hatton-1739-Z7-Z3-Z5,Nodes,0,,Demand LDZ Profile,
Tydd St. Giles-1727-Z7,Nodes,0,,Demand LDZ Profile,
Sutton Bridge-1729- Z7-Z7,Nodes,0,,Demand LDZ Profile,
Hatton-1739.5-Z7-Z5,Nodes,0,,Demand LDZ Profile,
Kirkstead-1737- Z7-Z7,Nodes,-0.356728,,Demand LDZ Profile,
Gosberton-1733- Z7-Z7,Nodes,-8.301256,,Demand LDZ Profile,
Peterborough-1234.5-Z7-Z5,Nodes,-3.66487,,Demand LDZ Profile,
Lutton-1921-Z7,Nodes,0,,Demand LDZ Profile,
Huntingdon-2017-Z7,Nodes,0,,Demand LDZ Profile,
Huntingdon-2017.5-Z10-Z7,Nodes,0,,Demand LDZ Profile,
Steppingley-2023-Z7,Nodes,0,,Demand LDZ Profile,
Willington-1923-Z7,Nodes,0,,Demand LDZ Profile,
Nutfield-2035-Z7,Nodes,0,,Demand LDZ Profile,
Winkfield-2609-Z7,Nodes,0,,Demand LDZ Profile,
Slapton-2025-Z7,Nodes,0,,Demand LDZ Profile,
Ayelsbury-2029.5-Z7,Nodes,0,,Demand LDZ Profile,
Chalgrove-2033-Z7,Nodes,0,,Demand LDZ Profile,
Hardwick-2027- Z7-Z7,Nodes,-53.942984,,Demand LDZ Profile,
Ayelsbury-2029-Z7,Nodes,0,,Demand LDZ Profile,
Barton Stacey-2043-Z7,Nodes,0,,Storage Profile,
Michelmersh-2111-Z7,Nodes,0,,Demand LDZ Profile,
Lockerley-2113-Z7,Nodes,0,,Demand LDZ Profile,
Marchwood- 1929.1- Z7-Z7,Nodes,0,,Demand LDZ Profile,
Ispden-2036- Z7-Z7,Nodes,-3.252843,,Demand LDZ Profile,
East Ilsley-2037-Z7,Nodes,0,,Demand LDZ Profile,
Braishfield-2114- Z7-Z7,Nodes,-66.14114,,Demand LDZ Profile,
Lockerley-2113.5-Z7,Nodes,-3.675712,,Demand LDZ Profile,
Mappowder-2123- Z7-Z7,Nodes,-21.871035,,Demand LDZ Profile,
Ilchester-2127- Z7-Z7,Nodes,-15.08235,,Demand LDZ Profile,
Barnington-3875-Z7,Nodes,0,,Demand LDZ Profile,
Ottery St. Mary-3867-Z7,Nodes,0,,Demand LDZ Profile,
Aylesbeare-3869- Z7-Z7,Nodes,-9.866957,,Demand LDZ Profile,
Kenn (South)-3874- Z7-Z7,Nodes,-10.84281,,Demand LDZ Profile,
Centrax Tee-3876-Z7,Nodes,0,,Demand LDZ Profile,
Coffinswell-3879- Z7-Z7,Nodes,-2.96334,,Demand LDZ Profile,
Pucklechurch-3833- Z6-Z6-Z7,Nodes,-14.271309,,Demand LDZ Profile,
Tydd St. Giles-1727.5-Z7,Nodes,0,,Demand LDZ Profile,
Wisbech Nene W.-1229-Z7-Z5,Nodes,0,,Demand LDZ Profile,
Whitwell-8131- Z8- Z7-Z7-Z8,Nodes,-58.39938,,Demand LDZ Profile,
Nether Kellet-4351- Z4-Z4,Nodes,0,,Demand LDZ Profile,
Carnforth-4437- Z4-Z4,Nodes,0,,Demand LDZ Profile,
Nether Kellet-4351.5- Z4-Z4,Nodes,0,,Demand LDZ Profile,
Pennington-6605 -Z4-Z4,Nodes,0,,Demand LDZ Profile,
Samlesbury-4357-Z4-Z4,Nodes,-43.349559,,Demand LDZ Profile,
Carnforth-4437.5-Z4-Z4,Nodes,0,,Demand LDZ Profile,
Treales-4443- Z4-Z4,Nodes,0,,Demand LDZ Profile,
Burscough-4447 -Z4-Z4,Nodes,0,,Demand LDZ Profile,
Ferney Knoll-4448- Z4-Z4,Nodes,0,,Demand LDZ Profile,
Mawdesley-4517- Z4-Z4,Nodes,0,,Demand LDZ Profile,
Warnington-4453- Z4-Z4,Nodes,0,,Demand LDZ Profile,
Warnington-4453.5- Z4-Z4,Nodes,0,,Demand LDZ Profile,
Warburton-3625 -Z4-Z4,Nodes,-71.204743,,Demand LDZ Profile,
Virtual Demand-Z4,Nodes,0,,Demand LDZ Profile,
HolmesChapel-3623- Z4-Z4,Nodes,-10.712697,,Demand LDZ Profile,
Audley-3621- Z4-Z4,Nodes,-4.855411,,Demand LDZ Profile,
Pickmere-4519- Z4-Z4,Nodes,0,,Demand LDZ Profile,
Stublach-4533- Z4-Z4,Nodes,0,,Storage Profile,
Holford-4532- Z4-Z4,Nodes,0,,Storage Profile,
Wheelock-4534- Z4-Z4,Nodes,0,,Demand LDZ Profile,
Elworth-4523- Z4-Z4,Nodes,0,,Demand LDZ Profile,
Bridgefarm-4520- Z4-Z4,Nodes,0,,Demand LDZ Profile,
Warmingham-4530 -Z4-Z4,Nodes,0,,Storage Profile,
No115- Z4-Z4,Nodes,0,,Demand LDZ Profile,
MickleTrafd-4113- Z4-Z4,Nodes,-14.792846,,Demand LDZ Profile,
Birch Heath-4524- Z4-Z4,Nodes,0,,Demand LDZ Profile,
Helsby-4115- Z4-Z4,Nodes,0,,Demand LDZ Profile,
WestonPoint-4119- Z4-Z4,Nodes,-49.514777,,Demand LDZ Profile,
Malpas-3713- Z4-Z4,Nodes,-0.391425,,Demand LDZ Profile,
Shocklach-3715- Z4-Z4,Nodes,0,,Demand LDZ Profile,
Eccleston-4111- Z4-Z4,Nodes,-7.778632,,Demand LDZ Profile,
Aspley-3616- Z4-Z4,Nodes,-37.86093,,Demand LDZ Profile,
Alrewas Comp -8157- Z4-Z4,Nodes,-43.371241,,Demand LDZ Profile,
Milwich-3615- Z4-Z4,Nodes,0,,Demand LDZ Profile,
Drointon-3614- Z4-Z4,Nodes,-40.682228,,Demand LDZ Profile,
Alrewas Comp -8157.5- Z4-Z4-Z5,Nodes,0,,Demand LDZ Profile,
Austrey-3516- Z4-Z4,Nodes,-40.210563,,Demand LDZ Profile,
Shustoke-8917- Z4-Z4,Nodes,0,,Demand LDZ Profile,
Churchover Comp-3810- Z4-Z4,Nodes,0,,Demand LDZ Profile,
Churchover Comp-3810.5- Z4-Z4-Z6,Nodes,0,,Demand LDZ Profile,
Rugby-3811- Z6-Z6,Nodes,-32.383135,,Demand LDZ Profile,
Leamington-3815- Z6-Z6,Nodes,-2.047122,,Demand LDZ Profile,
StratfrdAvon-3819- Z6-Z6,Nodes,-2.582757,,Demand LDZ Profile,
Honeybourne-2312- Z6-Z6,Nodes,0,,Demand LDZ Profile,
Evesham-3821- Z6-Z6,Nodes,-3.774382,,Demand LDZ Profile,
Wormington-3823- Z6-Z6,Nodes,0,,Demand LDZ Profile,
Newbold Pacey-8713- Z6-Z6,Nodes,0,,Demand LDZ Profile,
LowerQuinton-8715- Z6-Z6,Nodes,-15.407634,,Demand LDZ Profile,
Wormington-3823.5- Z6-Z6,Nodes,0,,Demand LDZ Profile,
Fiddington-3911- Z6-Z6,Nodes,-10.228024,,Demand LDZ Profile,
Tirley Pri-4629- Z11-Z6,Nodes,0,,Demand LDZ Profile,
Ross-3925- Z6-Z6,Nodes,-2.141455,,Demand LDZ Profile,
Treadow-4622/4623-Z6-Z6,Nodes,0,,Demand LDZ Profile,
Llanvetherine-3929- Z6-Z6,Nodes,0,,Demand LDZ Profile,
Gilwern-3931- Z6-Z6,Nodes,-51.308183,,Demand LDZ Profile,
Three Cocks-4615- Z11-Z11,Nodes,0,,Demand LDZ Profile,
Felindre-4606.5- Z11-Z11,Nodes,0,,Demand LDZ Profile,
Aberdulais-3941- Z6-Z6,Nodes,0,,Demand LDZ Profile,
DyffrynClyd-3943- Z6-Z6,Nodes,-21.479608,,Demand LDZ Profile,
Dowlais-3933- Z6-Z6,Nodes,-46.201218,,Demand LDZ Profile,
Avonmouth-4017- Z6-Z6,Nodes,0,,Storage Profile,
Sapperton-3827- Z6-Z6,Nodes,0,,Demand LDZ Profile,
Easton Grey-3829- Z6-Z6,Nodes,-12.415018,,Demand LDZ Profile,
LittletnDrew-3826- Z6-Z6,Nodes,-0.91947,,Demand LDZ Profile,
Cirencester-3828- Z6-Z6,Nodes,-3.72559,,Demand LDZ Profile,
Hawarden-4531- Z4-Z4,Nodes,0,,Demand LDZ Profile,
No119- Z4-Z4,Nodes,0,,Demand LDZ Profile,
Deeside PS-4526- Z4-Z4,Nodes,0,,Demand LDZ Profile,
Entry Node- Z4-Z4,Nodes,0,,Demand LDZ Profile,
Alrewas-8157.75- Z4-Z4,Nodes,-44.444684,,Demand LDZ Profile,
Felindre-4606- Z11-Z11,Nodes,0,,Demand LDZ Profile,
Aberdeen-6021-Z0,Nodes,-7.648519,,Demand LDZ Profile,
Burnhervie -6318- Z0-Z0,Nodes,-14.637794,,Demand LDZ Profile,
Kinknockie-6111- Z0-Z0,Nodes,-1.385711,,Demand LDZ Profile,
Aberdeen-6021.5-Z0-Z2,Nodes,-7.648519,,Demand LDZ Profile,
Lochside-6326-Z2,Nodes,0,,Demand LDZ Profile,
Careston-6225- Z0-Z0,Nodes,-2.050375,,Demand LDZ Profile,
Balgray-6227- Z0-Z0,Nodes,-7.296127,,Demand LDZ Profile,
Drum-6238- Z0-Z0,Nodes,-13.380028,,Demand LDZ Profile,
Gowkhall -6240-Z0,Nodes,0,,Demand LDZ Profile,
Crieff-6043-Z0,Nodes,0,,Demand LDZ Profile,
Glenmavis-4955- Z1-Z1,Nodes,0,,Demand LDZ Profile,
Elvanfoot-4317-Z1,Nodes,0,,Demand LDZ Profile,
NetherHwclgh-4417-Z1,Nodes,-0.127945,,Demand LDZ Profile,
Moffat-7264- Z1-Z1,Nodes,0,,Demand LDZ Profile,
Lockerbie-4325- Z1-Z1,Nodes,-3.678965,,Demand LDZ Profile,
Longtown-4329-Z1,Nodes,0,,Demand LDZ Profile,
Langholm-4423- Z1-Z1,Nodes,-0.082405,,Demand LDZ Profile,
Armadale-4951- Z1-Z1,Nodes,-2.159888,,Demand LDZ Profile,
Wooler-6357-Z1-Z2,Nodes,0,,Demand LDZ Profile,
Broxburn-4947- Z1-Z1,Nodes,-29.405701,,Demand LDZ Profile,
Soutra-4939- Z1-Z1,Nodes,-3.835102,,Demand LDZ Profile,
Hume-4935- Z1-Z1,Nodes,-0.737311,,Demand LDZ Profile,
Coldstream-4929- Z1-Z1,Nodes,-1.064764,,Demand LDZ Profile,
Wooler-6357.5-Z1-Z2,Nodes,0,,Demand LDZ Profile,
Guyzance-6363- Z2-Z2,Nodes,-1.272946,,Demand LDZ Profile,
Corbridge-6369-Z2,Nodes,-0.047708,,Demand LDZ Profile,
Bishop Auckland-4841- Z3-Z1-Z2,Nodes,0,,Demand LDZ Profile,
Towlaw-4221- Z1-Z1,Nodes,-0.235289,,Demand LDZ Profile,
Keld-4433- Z1-Z1,Nodes,-0.777429,,Demand LDZ Profile,
Wetheral-4331- Z1-Z1,Nodes,-11.74927,,Demand LDZ Profile,
Melkinthorpe-4339- Z1-Z1,Nodes,-0.739479,,Demand LDZ Profile,
Blackness -6243- Z0-Z0,Nodes,0,,Demand LDZ Profile,
Virtual Demand 4-Z7,Nodes,0,,Demand LDZ Profile,
Humbleton-4927- Z1-Z1,Nodes,-0.069393,,Demand LDZ Profile,
Bishop Auckland-4841.5- Z3-Z3,Nodes,-33.059732,,Demand LDZ Profile,
Elton-5111- Z3-Z3,Nodes,-22.433776,,Demand LDZ Profile,
Cowpen Bewley-5115- Z3-Z3,Nodes,0,,Demand LDZ Profile,
LtBurdon-4829- Z3-Z3,Nodes,-6.153295,,Demand LDZ Profile,
Thrintoft-4825- Z3-Z3,Nodes,-2.312771,,Demand LDZ Profile,
BurleyBank-4815- Z3-Z3,Nodes,-10.625955,,Demand LDZ Profile,
Baldersby-5017- Z3-Z3,Nodes,-0.592017,,Demand LDZ Profile,
Towton-1769- Z3-Z3,Nodes,-24.255368,,Demand LDZ Profile,
Pickering-1631- Z3-Z3,Nodes,-4.261224,,Demand LDZ Profile,
Beeford-1623-Z3,Nodes,0,,Demand LDZ Profile,
Sproatley-1618- Z3-Z3,Nodes,0,,Demand LDZ Profile,
Ganstead-1619- Z3-Z3,Nodes,-7.635508,,Demand LDZ Profile,
Saltend-7027- Z3-Z3,Nodes,-37.516123,,Demand PowerStation Profile,
Asselby-1763- Z3-Z3,Nodes,-1.822676,,Demand LDZ Profile,
Blyborough-1743- Z3-Z3,Nodes,-33.319998,,Demand LDZ Profile,
Susworth Trent E.-1749-Z3,Nodes,0,,Demand LDZ Profile,
Susworth Trent W.-1751-Z3,Nodes,0,,Demand LDZ Profile,
Scunthorpe-7225-Z3,Nodes,0,,Demand LDZ Profile,
Beltoft-1753-Z3,Nodes,0,,Storage Profile,
Rawcliffe-1759- Z3-Z3,Nodes,-1.790148,,Demand LDZ Profile,
Walesby-2205- Z3-Z3,Nodes,-0.544309,,Demand LDZ Profile,
Peterborough-1234-Z5,Nodes,0,,Demand LDZ Profile,
Tur Langton-1436- Z5-Z5,Nodes,-32.528434,,Demand LDZ Profile,
Blaby-1439- Z5-Z5,Nodes,-6.516529,,Demand LDZ Profile,
Caldecott-1239- Z5-Z5,Nodes,-6.073059,,Demand LDZ Profile,
Market Harboro'-1214-Z5,Nodes,0,,Demand LDZ Profile,
Peterborough Tee-1232-Z5,Nodes,0,,Demand LDZ Profile,
PeterborEye-1233- Z5-Z5,Nodes,-10.259466,,Demand LDZ Profile,
Wisbech Nene E.-1227-Z5,Nodes,0,,Demand LDZ Profile,
Kings Lynn-1222-Z5,Nodes,0,,Demand LDZ Profile,
Brisley-1219- Z5-Z5,Nodes,-1.146085,,Demand LDZ Profile,
Kings Lynn-1222.5-Z5,Nodes,0,,Demand LDZ Profile,
West Winch-1224- Z5-Z5,Nodes,-5.421405,,Demand LDZ Profile,
Saddle Bow- 1422-Z5,Nodes,0,,Demand LDZ Profile,
Shorne-2727- Z9-Z9,Nodes,0,,Demand LDZ Profile,
V W2-Z4,Nodes,0,,Demand LDZ Profile,
Yelverton-1515- Z9-Z9,Nodes,-20.605677,,Demand LDZ Profile,
Diss Comp Tee-1520- Z9-Z9,Nodes,0,,Demand LDZ Profile,
Roudham Heath-1319- Z8-Z8,Nodes,0,,Demand LDZ Profile,
Great Wilberham-1327- Z8-Z8,Nodes,-12.469232,,Demand LDZ Profile,
Diss Comp Tee-1520.5- Z9-Z9,Nodes,0,,Demand LDZ Profile,
Roxwell-1530- Z9-Z9,Nodes,0,,Demand LDZ Profile,
Cambridge Comp Tee-1328.5- Z8-Z8,Nodes,0,,Demand LDZ Profile,
Matching Green-2815-Z10,Nodes,-43.371241,,Demand LDZ Profile,
Stapleford-2813-Z10,Nodes,0,,Demand LDZ Profile,
Roxwell-1530.5- Z9-Z10-Z9,Nodes,0,,Demand LDZ Profile,
Horndon-8117&7014- Z9- Z10- Z7,Nodes,-26.022747,,Demand LDZ Profile,
Stanford Le Hope- 2733- Z9-Z9,Nodes,0,,Demand LDZ Profile,
Tilbury Thames Nth-2731- Z9-Z10,Nodes,0,,Demand LDZ Profile,
Gravesend Thames Sth-2739- Z9-Z9,Nodes,0,,Demand LDZ Profile,
Farmingham-2725- Z9-Z9,Nodes,-101.922417,,Demand LDZ Profile,
Royston-1331- Z8-Z8,Nodes,-1.333665,,Demand LDZ Profile,
No198- Z8-Z8,Nodes,0,,Demand LDZ Profile,
Felindre Valve inlet-Z11,Nodes,0,,Demand LDZ Profile,
Clifrew-4607- Z11-Z6,Nodes,0,,Demand LDZ Profile,
Grangemouth- Ind -Z1,Nodes,-16.451798,,Demand Industrial Profile,
Paull && Saltned - PS -Z3,Nodes,-18.432781,,Demand PowerStation Profile,
West Burton -PS-Z3,Nodes,-1.084281,,Demand PowerStation Profile,
Keadby-PS -Z3,Nodes,-22.263541,,Demand PowerStation Profile,
Gooleglass - Ind -Z3,Nodes,-1.550522,,Demand Industrial Profile,
Thornton Curt-PS -Z3,Nodes,-5.250089,,Demand PowerStation Profile,
Immingham 1906.1- Ind -Z3,Nodes,-41.360984,,Demand Industrial Profile,
Stallingbor1-PS-Z3,Nodes,-14.637794,,Demand PowerStation Profile,
Cottam -PS -Z5,Nodes,-19.289361,,Demand PowerStation Profile,
Peterborough -PS-Z5,Nodes,0,,Demand PowerStation Profile,
GTYarmouth -PS -Z9,Nodes,0,,Demand PowerStation Profile,
LtBarford -PS -Z10,Nodes,-20.543876,,Demand PowerStation Profile,
EppingGreen - PS -Z10,Nodes,-9.726002,,Demand PowerStation Profile,
Grain -PS-Z9,Nodes,-52.55727,,Demand PowerStation Profile,
Marchwood -PS-Z9,Nodes,-33.205025,,Demand PowerStation Profile,
Carrington-PS-Z4,Nodes,-1.745692,,Demand PowerStation Profile,
HaysChem-4522-Ind -Z4,Nodes,0,,Demand Industrial Profile,
Sellafield -PS-Z4,Nodes,-2.848406,,Demand PowerStation Profile,
RyeHouse -PS-Z10,Nodes,0,,Demand PowerStation Profile,
BurtonPoint - PS-Z4,Nodes,-5.432248,,Demand PowerStation Profile,
ICIRuncorn && Rocksavage-Ind -Z4,Nodes,-4.337124,,Demand Industrial Profile,
BaglanBay- PS-Z6,Nodes,0,,Demand PowerStation Profile,
Blackbridge -PS-Z11,Nodes,-84.693188,,Demand PowerStation Profile,
Sutton Bridge -PS-Z7,Nodes,0,,Demand PowerStation Profile,
Didcot -PS-Z7,Nodes,-34.678556,,Demand PowerStation Profile,
Langage- PS -Z7,Nodes,-8.837975,,Demand PowerStation Profile,
Centrax O/T-3877-Ind -Z7,Nodes,0,,Demand Industrial Profile,
Spalding- PS -Z7,Nodes,0,,Demand PowerStation Profile,
Seabank -PS -Z6,Nodes,-4.766499,,Demand PowerStation Profile,
Brigg -PS-Z3,Nodes,-0.356728,,Demand PowerStation Profile,
Hornsea-Storage -Z3,Nodes,-6.433039,,Storage Profile,
Aldbrough-Storage-Z3,Nodes,-20.492912,,Demand LDZ Profile,
Hilltop -Storage-Z4,Nodes,0,,,
Holford -Storage-Z4,Nodes,0,,,
Stublach - Storage-Z4,Nodes,0,,,
Teesside -PS -Z3,Nodes,0,,Demand PowerStation Profile,
Saltned -Ind -Z3,Nodes,0,,Demand Industrial Profile,
Coryton && -PS -Z3,Nodes,0,,Demand PowerStation Profile,
ICIBILLINGHAM -Ind -Z3,Nodes,0,,Demand Industrial Profile,
Blackburn M && -Ind -Z4,Nodes,-0.704782,,Demand Industrial Profile,
Bridgewater && -Ind -Z4,Nodes,0,,Demand Industrial Profile,
Winnington && -Z4,Nodes,-5.601396,,Demand LDZ Profile,
Shell Backhaul && -Ind -Z0,Nodes,0,,Demand Industrial Profile,
Corby -PS -Z5,Nodes,0,,Demand PowerStation Profile,
Staythorpe && -PS -Z5,Nodes,-60.871545,,Demand PowerStation Profile,
Palmpaper && -PS -Z5,Nodes,-2.960087,,Demand PowerStation Profile,
KingsLynn -PS -Z5,Nodes,0,,Demand PowerStation Profile,
Medway- 2730 -PS -Z9,Nodes,-9.25217,,Demand PowerStation Profile,
Kirriemuir inlet-6033-Z0,Nodes,0,,Demand LDZ Profile,
Kirriemuir outlet -6033.5-Z0,Nodes,0,,Demand LDZ Profile,
Avonbridge inlet-6055- Z0-Z0,Nodes,0,,Demand LDZ Profile,
Avonbridge outlet -6055.5 -Z0-Z1,Nodes,0,,Demand LDZ Profile,
Aberdeen Inlet -Z0,Nodes,0,,Demand LDZ Profile,
Aberdeen Outlet -Z0-Z2,Nodes,0,,Demand LDZ Profile,
Moffat-INT-7264.5- Z1-Z1,Nodes,-145.0985,,Demand Interconnector,
Tees Phil BOC && -Ind - Z3,Nodes,-2.435295,,Demand Industrial Profile,
Lupton-4345 -Z1,Nodes,-12.538626,,Demand LDZ Profile,
Pannal-1773-Z3,Nodes,-71.714357,,Demand LDZ Profile,
Churchover-8147-Z5,Nodes,0,,Demand LDZ Profile,
Peterhead PS,Nodes,-46.624089,,Demand PowerStation Profile,
Rough- Storage,Nodes,112.439951,,Supply Profile,
No7,Nodes,0,,,
No8,Nodes,0,,,
Supply Teesside -Z3,Nodes,207.322135,,Supply Profile,
Supply Easington-1111-Z3,Nodes,859.83505,,Supply Profile,
Supply Isle of Grain- Z9-Z9,Nodes,177.63236,,Supply Profile,
Supply Barrow-6603-Z4-Z4,Nodes,0.001983,,,
Supply BurtonPoint- Z4-Z4,Nodes,8.714366,,Supply Profile,
Supply Herbrandston- Z11-Z11,Nodes,230.951847,,Supply Profile,
EX Saltwick-4917- Z1-Z1,Nodes,-20.291235,,Demand LDZ Profile,
EX LuxboroughLn -Z10,Nodes,-54.214056,,Demand LDZ Profile,
EX Tatsfield-2722- Z9-Z9,Nodes,-82.93666,,Demand LDZ Profile,
EX Peters Green- Z8-Z8,Nodes,-97.585294,,Demand LDZ Profile,
EX  Rocksavage-Z4,Nodes,-30.067113,,Demand PowerStation Profile,
EX Maelor-3721- Z4-Z4,Nodes,-25.643248,,Demand LDZ Profile,
EX Blackrod && blkburn-PS -Z4,Nodes,-70.478281,,Demand PowerStation Profile,
EX Shellstar-4117- Ind-Z4,Nodes,-1.394385,,Demand Industrial Profile,
EX Seabank- Z6-Z6,Nodes,-26.163705,,Demand LDZ Profile,
EX Choakford-3883- Z7-Z7,Nodes,-17.305126,,Demand LDZ Profile,
St-Fergus-6013.5- Z0,Nodes,-0.571416,,Demand LDZ Profile,
St Fergus Outlet -Z0,Nodes,872.423431,,Supply Profile,
Supply Bacton-1211-Z5,Nodes,546.813818,,Supply Profile,
